Year,Country,Geographical Region,Geographical Group,البلد,المجموعة الجغرافية,المنطقة الجغرافية,Value
2018,ARGENTINA,R4-AMERICAS,LATIN AMERICA AND THE CARIBBEAN,الارجنتين,أمريكا اللاتينية ومنطقة البحر الكاريبي,R4-أمريكا,0.11
2018,AUSTRALIA,R7-OCEANIA,AUSTRALIA AND NEW ZEALAND,استراليا,أستراليا ونيوزيلندا,R7-أوقيانيسيا,0.47
2018,BANGLADESH,R3-ASIA,SOUTHERN ASIA,بنغلاديش,جنوب آسيا,R3-آسيا,0.49
2018,BELGIUM,R5-EUROPE,WESTERN EUROPE,بلجيكا,أوروبا الغربية,R5-أوروبا,2.86
2018,BRITISH VIRGIN ISLANDS,R4-AMERICAS,LATIN AMERICA AND THE CARIBBEAN,جزر فرجين البريطانية,أمريكا اللاتينية ومنطقة البحر الكاريبي,R4-أمريكا,24.67
2018,CHINA,R3-ASIA,EASTERN ASIA,الصين,شرقي آسيا,R3-آسيا,8.13
2018,COMOROS,R2-OTHER ARAB COUNTRIES,SUB-SAHARAN AFRICA,جزر القمر,أفريقيا جنوب الصحراء الكبرى,R2-الدول العربية الأخرى,0.21
2018,CYPRUS,R3-ASIA,WESTERN ASIA,قبرص,غربي آسيا,R3-آسيا,16.69
2018,GIBRALTAR,R5-EUROPE,SOUTHERN EUROPE,جبل طارق,أوروبا الجنوبية,R5-أوروبا,0.0
2018,"HONG KONG, CHINA",R3-ASIA,EASTERN ASIA,هونج كونج,شرقي آسيا,R3-آسيا,27.95
2018,IRAQ,R2-OTHER ARAB COUNTRIES,WESTERN ASIA,الجمهورية العراقية,غربي آسيا,R2-الدول العربية الأخرى,7.12
2018,ISRAEL,R3-ASIA,WESTERN ASIA,إسرائيل,غربي آسيا,R3-آسيا,-0.08
2018,JORDAN,R2-OTHER ARAB COUNTRIES,WESTERN ASIA,الاردن,غربي آسيا,R2-الدول العربية الأخرى,-2.03
2018,KUWAIT,R1-GCC,COUNTRIES OF ARABIAN GULF,دولة الكويت,دول الخليج العربي,R1-دول مجلس التعاون الخليجي,3337.88
2018,LATVIA,R5-EUROPE,NORTHERN EUROPE,لاتيفيا,أوروبا الشمالية,R5-أوروبا,0.0
2018,MACEDONIA,R5-EUROPE,SOUTHERN EUROPE,مقدونيا,أوروبا الجنوبية,R5-أوروبا,0.0
2018,MOZAMBIQUE,R6-AFRICA,SUB-SAHARAN AFRICA,موزمبيق,أفريقيا جنوب الصحراء الكبرى,R6-أفريقيا,0.0
2018,PANAMA,R4-AMERICAS,LATIN AMERICA AND THE CARIBBEAN,بنما,أمريكا اللاتينية ومنطقة البحر الكاريبي,R4-أمريكا,5.04
2018,PERU,R4-AMERICAS,LATIN AMERICA AND THE CARIBBEAN,بيرو,أمريكا اللاتينية ومنطقة البحر الكاريبي,R4-أمريكا,0.0
2018,PORTUGAL,R5-EUROPE,SOUTHERN EUROPE,البرتغال,أوروبا الجنوبية,R5-أوروبا,-0.01
2018,RUSSIAN FEDERATION,R5-EUROPE,EASTERN EUROPE,روسيا الاتحادية,أوروبا الشرقية,R5-أوروبا,0.16
2018,SERBIA,R5-EUROPE,SOUTHERN EUROPE,جمهورية صربيا,أوروبا الجنوبية,R5-أوروبا,0.01
2018,SOUTH AFRICA,R6-AFRICA,SUB-SAHARAN AFRICA,جمهورية افريقيا الجنوبية,أفريقيا جنوب الصحراء الكبرى,R6-أفريقيا,-0.11
2018,SRI LANKA,R3-ASIA,SOUTHERN ASIA,سريلانكا (سيلان),جنوب آسيا,R3-آسيا,0.12
2018,SUDAN,R2-OTHER ARAB COUNTRIES,NORTH AFRICA,السودان,أفريقيا الشمالية,R2-الدول العربية الأخرى,0.47
2018,SWAZILAND,R6-AFRICA,SUB-SAHARAN AFRICA,سوازيلند,أفريقيا جنوب الصحراء الكبرى,R6-أفريقيا,-0.48
2018,SWEDEN,R5-EUROPE,NORTHERN EUROPE,السويد,أوروبا الشمالية,R5-أوروبا,0.01
2018,TURKEY,R3-ASIA,WESTERN ASIA,تركيا,غربي آسيا,R3-آسيا,179.5
2018,"VENEZUELA, BOLIVARIAN REPUBLIC OF",R4-AMERICAS,LATIN AMERICA AND THE CARIBBEAN,فنزويلا,أمريكا اللاتينية ومنطقة البحر الكاريبي,R4-أمريكا,0.0
2018,VIETNAM,R3-ASIA,SOUTH-EASTERN ASIA,فيتنام,جنوب شرقي آسيا,R3-آسيا,0.0
2018,ZIMBABWE,R6-AFRICA,SUB-SAHARAN AFRICA,زمبابوي,أفريقيا جنوب الصحراء الكبرى,R6-أفريقيا,
2019,AUSTRALIA,R7-OCEANIA,AUSTRALIA AND NEW ZEALAND,استراليا,أستراليا ونيوزيلندا,R7-أوقيانيسيا,0.42
2019,BERMUDA,R4-AMERICAS,NORTHERN AMERICA,برمودا,أمريكا الشمالية,R4-أمريكا,-4.95
2019,CAYMAN ISLANDS,R4-AMERICAS,LATIN AMERICA AND THE CARIBBEAN,جزر كيمان,أمريكا اللاتينية ومنطقة البحر الكاريبي,R4-أمريكا,416.63
2019,CHINA,R3-ASIA,EASTERN ASIA,الصين,شرقي آسيا,R3-آسيا,9.02
2019,CZECHIA,R5-EUROPE,EASTERN EUROPE,تشيك,أوروبا الشرقية,R5-أوروبا,0.17
2019,DENMARK,R5-EUROPE,NORTHERN EUROPE,الدنمارك,أوروبا الشمالية,R5-أوروبا,54.69
2019,FINLAND,R5-EUROPE,NORTHERN EUROPE,فنلندا,أوروبا الشمالية,R5-أوروبا,81.13
2019,GERMANY,R5-EUROPE,WESTERN EUROPE,ألمانيا,أوروبا الغربية,R5-أوروبا,151.57
2019,GREECE,R5-EUROPE,SOUTHERN EUROPE,اليونان,أوروبا الجنوبية,R5-أوروبا,0.31
2019,INDIA,R3-ASIA,SOUTHERN ASIA,الهند,جنوب آسيا,R3-آسيا,418.77
2019,IRAQ,R2-OTHER ARAB COUNTRIES,WESTERN ASIA,الجمهورية العراقية,غربي آسيا,R2-الدول العربية الأخرى,7.63
2019,IRELAND,R5-EUROPE,NORTHERN EUROPE,ايرلندا,أوروبا الشمالية,R5-أوروبا,48.0
2019,ISLE OF MAN,R5-EUROPE,NORTHERN EUROPE,جزيرة مان,غربي آسيا,R3-آسيا,1.19
2019,ISRAEL,R3-ASIA,WESTERN ASIA,إسرائيل,غربي آسيا,R3-آسيا,0.0
2019,JERSEY,R5-EUROPE,NORTHERN EUROPE,جيرزي,أوروبا الشمالية,R5-أوروبا,149.78
2019,KUWAIT,R1-GCC,COUNTRIES OF ARABIAN GULF,دولة الكويت,دول الخليج العربي,R1-دول مجلس التعاون الخليجي,3515.54
2019,LATVIA,R5-EUROPE,NORTHERN EUROPE,لاتيفيا,أوروبا الشمالية,R5-أوروبا,0.0
2019,LIBYA,R2-OTHER ARAB COUNTRIES,NORTH AFRICA,ليبيا,أفريقيا الشمالية,R2-الدول العربية الأخرى,1177.03
2019,LIECHTENSTEIN,R5-EUROPE,WESTERN EUROPE,ليختنشتاين,أوروبا الغربية,R5-أوروبا,0.0
2019,MACEDONIA,R5-EUROPE,SOUTHERN EUROPE,مقدونيا,أوروبا الجنوبية,R5-أوروبا,0.0
2019,MALAYSIA,R3-ASIA,SOUTH-EASTERN ASIA,ماليزيا,جنوب شرقي آسيا,R3-آسيا,-0.47
2019,MAURITIUS,R6-AFRICA,SUB-SAHARAN AFRICA,موريس,أفريقيا جنوب الصحراء الكبرى,R6-أفريقيا,
2019,NEW ZEALAND,R7-OCEANIA,AUSTRALIA AND NEW ZEALAND,نيوزليندا,أستراليا ونيوزيلندا,R7-أوقيانيسيا,0.89
2019,PALESTINE,R2-OTHER ARAB COUNTRIES,WESTERN ASIA,فلسطين,غربي آسيا,R2-الدول العربية الأخرى,0.95
2019,PHILIPPINES,R3-ASIA,SOUTH-EASTERN ASIA,الفلبين,جنوب شرقي آسيا,R3-آسيا,-0.1
2019,ROMANIA,R5-EUROPE,EASTERN EUROPE,رومانيا,أوروبا الشرقية,R5-أوروبا,0.0
2019,SERBIA,R5-EUROPE,SOUTHERN EUROPE,جمهورية صربيا,أوروبا الجنوبية,R5-أوروبا,0.01
2019,SEYCHELLES,R6-AFRICA,SUB-SAHARAN AFRICA,سيشل,أفريقيا جنوب الصحراء الكبرى,R6-أفريقيا,0.11
2019,SLOVAKIA,R5-EUROPE,EASTERN EUROPE,سلوفاكيا,أوروبا الشرقية,R5-أوروبا,0.0
2019,SOUTH AFRICA,R6-AFRICA,SUB-SAHARAN AFRICA,جمهورية افريقيا الجنوبية,أفريقيا جنوب الصحراء الكبرى,R6-أفريقيا,-0.11
2019,SOUTH KOREA,R3-ASIA,EASTERN ASIA,كوريا الجنوبية,شرقي آسيا,R3-آسيا,14.46
2019,SPAIN,R5-EUROPE,SOUTHERN EUROPE,اسبانيا,أوروبا الجنوبية,R5-أوروبا,0.02
2019,SWITZERLAND,R5-EUROPE,WESTERN EUROPE,سويسرا,أوروبا الغربية,R5-أوروبا,-18.74
2019,TUNISIA,R2-OTHER ARAB COUNTRIES,NORTH AFRICA,تونس,أفريقيا الشمالية,R2-الدول العربية الأخرى,-0.05
2019,UZBEKISTAN,R3-ASIA,CENTRAL ASIA,اوزبكستان,دول آسيا الوسطى,R3-آسيا,0.0
2019,ZIMBABWE,R6-AFRICA,SUB-SAHARAN AFRICA,زمبابوي,أفريقيا جنوب الصحراء الكبرى,R6-أفريقيا,
2020,ALGERIA,R2-OTHER ARAB COUNTRIES,NORTH AFRICA,الجزائر,أفريقيا الشمالية,R2-الدول العربية الأخرى,-0.01
2020,AUSTRIA,R5-EUROPE,WESTERN EUROPE,النمسا,أوروبا الغربية,R5-أوروبا,1.16
2020,BELIZE,R4-AMERICAS,LATIN AMERICA AND THE CARIBBEAN,بليز,أمريكا اللاتينية ومنطقة البحر الكاريبي,R4-أمريكا,
2020,BRITISH VIRGIN ISLANDS,R4-AMERICAS,LATIN AMERICA AND THE CARIBBEAN,جزر فرجين البريطانية,أمريكا اللاتينية ومنطقة البحر الكاريبي,R4-أمريكا,26.01
2020,BULGARIA,R5-EUROPE,EASTERN EUROPE,بلغاريا,أوروبا الشرقية,R5-أوروبا,0.0
2020,CAYMAN ISLANDS,R4-AMERICAS,LATIN AMERICA AND THE CARIBBEAN,جزر كيمان,أمريكا اللاتينية ومنطقة البحر الكاريبي,R4-أمريكا,425.01
2020,CHINA,R3-ASIA,EASTERN ASIA,الصين,شرقي آسيا,R3-آسيا,8.66
2020,DENMARK,R5-EUROPE,NORTHERN EUROPE,الدنمارك,أوروبا الشمالية,R5-أوروبا,60.4
2020,GERMANY,R5-EUROPE,WESTERN EUROPE,ألمانيا,أوروبا الغربية,R5-أوروبا,114.62
2020,GHANA,R6-AFRICA,SUB-SAHARAN AFRICA,غانا,أفريقيا جنوب الصحراء الكبرى,R6-أفريقيا,0.0
2020,GUERNSEY,R5-EUROPE,NORTHERN EUROPE,غيرنزي,أوروبا الشمالية,R5-أوروبا,-1.77
2020,"HONG KONG, CHINA",R3-ASIA,EASTERN ASIA,هونج كونج,شرقي آسيا,R3-آسيا,33.12
2020,ITALY,R5-EUROPE,SOUTHERN EUROPE,ايطاليا,أوروبا الجنوبية,R5-أوروبا,21.98
2020,JERSEY,R5-EUROPE,NORTHERN EUROPE,جيرزي,أوروبا الشمالية,R5-أوروبا,-0.28
2020,JORDAN,R2-OTHER ARAB COUNTRIES,WESTERN ASIA,الاردن,غربي آسيا,R2-الدول العربية الأخرى,-59.0
2020,KENYA,R6-AFRICA,SUB-SAHARAN AFRICA,كينيا,أفريقيا جنوب الصحراء الكبرى,R6-أفريقيا,-0.99
2020,LATVIA,R5-EUROPE,NORTHERN EUROPE,لاتيفيا,أوروبا الشمالية,R5-أوروبا,-0.97
2020,MALTA,R5-EUROPE,SOUTHERN EUROPE,مالطا,أوروبا الجنوبية,R5-أوروبا,
2020,MARSHALL ISLANDS,R7-OCEANIA,MICRONESIA,جزر المارشال,ميكرونيزيا,R7-أوقيانيسيا,48.01
2020,MOZAMBIQUE,R6-AFRICA,SUB-SAHARAN AFRICA,موزمبيق,أفريقيا جنوب الصحراء الكبرى,R6-أفريقيا,0.0
2020,NETHERLANDS,R5-EUROPE,WESTERN EUROPE,هولندا,أوروبا الغربية,R5-أوروبا,62.5
2020,NEW ZEALAND,R7-OCEANIA,AUSTRALIA AND NEW ZEALAND,نيوزليندا,أستراليا ونيوزيلندا,R7-أوقيانيسيا,0.97
2020,ROMANIA,R5-EUROPE,EASTERN EUROPE,رومانيا,أوروبا الشرقية,R5-أوروبا,0.0
2020,RUSSIAN FEDERATION,R5-EUROPE,EASTERN EUROPE,روسيا الاتحادية,أوروبا الشرقية,R5-أوروبا,0.08
2020,SERBIA,R5-EUROPE,SOUTHERN EUROPE,جمهورية صربيا,أوروبا الجنوبية,R5-أوروبا,0.0
2020,SLOVAKIA,R5-EUROPE,EASTERN EUROPE,سلوفاكيا,أوروبا الشرقية,R5-أوروبا,0.04
2020,SOUTH AFRICA,R6-AFRICA,SUB-SAHARAN AFRICA,جمهورية افريقيا الجنوبية,أفريقيا جنوب الصحراء الكبرى,R6-أفريقيا,-0.17
2020,SOUTH KOREA,R3-ASIA,EASTERN ASIA,كوريا الجنوبية,شرقي آسيا,R3-آسيا,29.31
2020,SUDAN,R2-OTHER ARAB COUNTRIES,NORTH AFRICA,السودان,أفريقيا الشمالية,R2-الدول العربية الأخرى,-3.02
2020,SWEDEN,R5-EUROPE,NORTHERN EUROPE,السويد,أوروبا الشمالية,R5-أوروبا,6.9
2020,THAILAND,R3-ASIA,SOUTH-EASTERN ASIA,تايلاند,جنوب شرقي آسيا,R3-آسيا,-0.5
2020,UNITED KINGDOM,R5-EUROPE,NORTHERN EUROPE,المملكة المتحدة,أوروبا الشمالية,R5-أوروبا,114.99
2020,UNITED STATES OF AMERICA,R4-AMERICAS,NORTHERN AMERICA,الولايات المتحدة الامريكية,أمريكا الشمالية,R4-أمريكا,145.65
2021,ARGENTINA,R4-AMERICAS,LATIN AMERICA AND THE CARIBBEAN,الارجنتين,أمريكا اللاتينية ومنطقة البحر الكاريبي,R4-أمريكا,0.08
2021,BAHAMAS,R4-AMERICAS,LATIN AMERICA AND THE CARIBBEAN,باهاماس,أمريكا اللاتينية ومنطقة البحر الكاريبي,R4-أمريكا,85.43
2021,BELGIUM,R5-EUROPE,WESTERN EUROPE,بلجيكا,أوروبا الغربية,R5-أوروبا,7.12
2021,BERMUDA,R4-AMERICAS,NORTHERN AMERICA,برمودا,أمريكا الشمالية,R4-أمريكا,-12.83
2021,CHILE,R4-AMERICAS,LATIN AMERICA AND THE CARIBBEAN,تشيلي,أمريكا اللاتينية ومنطقة البحر الكاريبي,R4-أمريكا,0.0
2021,COLOMBIA,R4-AMERICAS,LATIN AMERICA AND THE CARIBBEAN,كولومبيا,أمريكا اللاتينية ومنطقة البحر الكاريبي,R4-أمريكا,0.05
2021,COMOROS,R2-OTHER ARAB COUNTRIES,SUB-SAHARAN AFRICA,جزر القمر,أفريقيا جنوب الصحراء الكبرى,R2-الدول العربية الأخرى,0.0
2021,CROATIA,R5-EUROPE,SOUTHERN EUROPE,كرواتيا,أوروبا الجنوبية,R5-أوروبا,0.01
2021,ETHIOPIA,R6-AFRICA,SUB-SAHARAN AFRICA,اثيوبيا,أفريقيا جنوب الصحراء الكبرى,R6-أفريقيا,0.0
2021,FRANCE,R5-EUROPE,WESTERN EUROPE,فرنسا,أوروبا الغربية,R5-أوروبا,-124.12
2021,GREECE,R5-EUROPE,SOUTHERN EUROPE,اليونان,أوروبا الجنوبية,R5-أوروبا,0.42
2021,JAPAN,R3-ASIA,EASTERN ASIA,اليابان,شرقي آسيا,R3-آسيا,307.43
2021,KENYA,R6-AFRICA,SUB-SAHARAN AFRICA,كينيا,أفريقيا جنوب الصحراء الكبرى,R6-أفريقيا,-0.22
2021,LATVIA,R5-EUROPE,NORTHERN EUROPE,لاتيفيا,أوروبا الشمالية,R5-أوروبا,-1.37
2021,LEBANON,R2-OTHER ARAB COUNTRIES,WESTERN ASIA,لبنان,غربي آسيا,R2-الدول العربية الأخرى,9.27
2021,MALAYSIA,R3-ASIA,SOUTH-EASTERN ASIA,ماليزيا,جنوب شرقي آسيا,R3-آسيا,0.31
2021,MALTA,R5-EUROPE,SOUTHERN EUROPE,مالطة,أوروبا الجنوبية,R5-أوروبا,-0.03
2021,NEPAL,R3-ASIA,SOUTHERN ASIA,نيبال,جنوب آسيا,R3-آسيا,0.0
2021,NETHERLANDS,R5-EUROPE,WESTERN EUROPE,هولندا,أوروبا الغربية,R5-أوروبا,80.51
2021,NEW ZEALAND,R7-OCEANIA,AUSTRALIA AND NEW ZEALAND,نيوزليندا,أستراليا ونيوزيلندا,R7-أوقيانيسيا,0.46
2021,NORWAY,R5-EUROPE,NORTHERN EUROPE,النرويج,أوروبا الشمالية,R5-أوروبا,2.02
2021,OMAN,R1-GCC,COUNTRIES OF ARABIAN GULF,عمان,دول الخليج العربي,R1-دول مجلس التعاون الخليجي,55.17
2021,PERU,R4-AMERICAS,LATIN AMERICA AND THE CARIBBEAN,بيرو,أمريكا اللاتينية ومنطقة البحر الكاريبي,R4-أمريكا,0.0
2021,PHILIPPINES,R3-ASIA,SOUTH-EASTERN ASIA,الفلبين,جنوب شرقي آسيا,R3-آسيا,0.01
2021,QATAR,R1-GCC,COUNTRIES OF ARABIAN GULF,دولة قطر,دول الخليج العربي,R1-دول مجلس التعاون الخليجي,296.19
2021,SAUDI ARABIA,R1-GCC,COUNTRIES OF ARABIAN GULF,المملكة العربية السعودية,دول الخليج العربي,R1-دول مجلس التعاون الخليجي,3648.58
2021,SEYCHELLES,R6-AFRICA,SUB-SAHARAN AFRICA,سيشل,أفريقيا جنوب الصحراء الكبرى,R6-أفريقيا,0.13
2021,SINGAPORE,R3-ASIA,SOUTH-EASTERN ASIA,سنغافورة,جنوب شرقي آسيا,R3-آسيا,16.39
2021,SOUTH AFRICA,R6-AFRICA,SUB-SAHARAN AFRICA,جمهورية افريقيا الجنوبية,أفريقيا جنوب الصحراء الكبرى,R6-أفريقيا,-0.02
2021,SOUTH KOREA (REPUBLIC OF KOREA),R3-ASIA,EASTERN ASIA,كوريا الجنوبية,شرقي آسيا,R3-آسيا,20.98
2021,SWEDEN,R5-EUROPE,NORTHERN EUROPE,السويد,أوروبا الشمالية,R5-أوروبا,6.89
2021,THAILAND,R3-ASIA,SOUTH-EASTERN ASIA,تايلاند,جنوب شرقي آسيا,R3-آسيا,-0.52
2021,TURKS AND CAICOS ISLANDS,R4-AMERICAS,LATIN AMERICA AND THE CARIBBEAN,تركس والكايك,أمريكا اللاتينية ومنطقة البحر الكاريبي,R4-أمريكا,1.93
2021,UNITED ARAB EMIRATES,R1-GCC,COUNTRIES OF ARABIAN GULF,دولة الامارات العربية المتحدة,دول الخليج العربي,R1-دول مجلس التعاون الخليجي,963.79
2021,UNITED KINGDOM OF GREAT BRITAIN AND NORTHERN IRELAND,R5-EUROPE,NORTHERN EUROPE,المملكة المتحدة,أوروبا الشمالية,R5-أوروبا,86.44
2021,UNITED STATES OF AMERICA,R4-AMERICAS,NORTHERN AMERICA,الولايات المتحدة الامريكية,أمريكا الشمالية,R4-أمريكا,159.97
2021,UZBEKISTAN,R3-ASIA,CENTRAL ASIA,اوزبكستان,دول آسيا الوسطى,R3-آسيا,0.0
2021,YEMEN,R2-OTHER ARAB COUNTRIES,WESTERN ASIA,اليمن,غربي آسيا,R2-الدول العربية الأخرى,1.75
2022,ARGENTINA,R4-AMERICAS,LATIN AMERICA AND THE CARIBBEAN,الارجنتين,أمريكا اللاتينية ومنطقة البحر الكاريبي,R4-أمريكا,0.08
2022,BELGIUM,R5-EUROPE,WESTERN EUROPE,بلجيكا,أوروبا الغربية,R5-أوروبا,5.17
2022,BERMUDA,R4-AMERICAS,NORTHERN AMERICA,برمودا,أمريكا الشمالية,R4-أمريكا,-3.85
2022,BRAZIL,R4-AMERICAS,LATIN AMERICA AND THE CARIBBEAN,البرازيل,أمريكا اللاتينية ومنطقة البحر الكاريبي,R4-أمريكا,2.42
2022,BULGARIA,R5-EUROPE,EASTERN EUROPE,بلغاريا,أوروبا الشرقية,R5-أوروبا,0.0
2022,CHILE,R4-AMERICAS,LATIN AMERICA AND THE CARIBBEAN,تشيلي,أمريكا اللاتينية ومنطقة البحر الكاريبي,R4-أمريكا,0.0
2022,COLOMBIA,R4-AMERICAS,LATIN AMERICA AND THE CARIBBEAN,كولومبيا,أمريكا اللاتينية ومنطقة البحر الكاريبي,R4-أمريكا,0.05
2022,CYPRUS,R3-ASIA,WESTERN ASIA,قبرص,غربي آسيا,R3-آسيا,17.19
2022,CZECHIA,R5-EUROPE,EASTERN EUROPE,تشيك,أوروبا الشرقية,R5-أوروبا,0.06
2022,EGYPT,R2-OTHER ARAB COUNTRIES,NORTH AFRICA,جمهورية مصر العربية,أفريقيا الشمالية,R2-الدول العربية الأخرى,13.71
2022,ESWATINI,R6-AFRICA,SUB-SAHARAN AFRICA,إسواتيني,أفريقيا جنوب الصحراء الكبرى,R6-أفريقيا,1.36
2022,GHANA,R6-AFRICA,SUB-SAHARAN AFRICA,غانا,أفريقيا جنوب الصحراء الكبرى,R6-أفريقيا,0.0
2022,GUERNSEY,R5-EUROPE,NORTHERN EUROPE,غيرنزي,أوروبا الشمالية,R5-أوروبا,105.93
2022,INDIA,R3-ASIA,SOUTHERN ASIA,الهند,جنوب آسيا,R3-آسيا,529.97
2022,INDONESIA,R3-ASIA,SOUTH-EASTERN ASIA,اندونسيا,جنوب شرقي آسيا,R3-آسيا,0.0
2022,ISRAEL,R3-ASIA,WESTERN ASIA,إسرائيل,غربي آسيا,R3-آسيا,-0.2
2022,JERSEY,R5-EUROPE,NORTHERN EUROPE,جيرزي,أوروبا الشمالية,R5-أوروبا,84.45
2022,KENYA,R6-AFRICA,SUB-SAHARAN AFRICA,كينيا,أفريقيا جنوب الصحراء الكبرى,R6-أفريقيا,-0.32
2022,LEBANON,R2-OTHER ARAB COUNTRIES,WESTERN ASIA,لبنان,غربي آسيا,R2-الدول العربية الأخرى,16.63
2022,LIBYA,R2-OTHER ARAB COUNTRIES,NORTH AFRICA,ليبيا,أفريقيا الشمالية,R2-الدول العربية الأخرى,1172.56
2022,MARSHALL ISLANDS,R7-OCEANIA,MICRONESIA,جزر المارشال,ميكرونيزيا,R7-أوقيانيسيا,57.29
2022,MOZAMBIQUE,R6-AFRICA,SUB-SAHARAN AFRICA,موزمبيق,أفريقيا جنوب الصحراء الكبرى,R6-أفريقيا,-0.02
2022,NIGERIA,R6-AFRICA,SUB-SAHARAN AFRICA,نيجيريا,أفريقيا جنوب الصحراء الكبرى,R6-أفريقيا,0.0
2022,NORWAY,R5-EUROPE,NORTHERN EUROPE,النرويج,أوروبا الشمالية,R5-أوروبا,2.07
2022,PAKISTAN,R3-ASIA,SOUTHERN ASIA,باكستان,جنوب آسيا,R3-آسيا,43.03
2022,"PALESTINE, STATE OF",R2-OTHER ARAB COUNTRIES,WESTERN ASIA,فلسطين,غربي آسيا,R2-الدول العربية الأخرى,0.02
2022,PANAMA,R4-AMERICAS,LATIN AMERICA AND THE CARIBBEAN,بنما,أمريكا اللاتينية ومنطقة البحر الكاريبي,R4-أمريكا,3.12
2022,PHILIPPINES,R3-ASIA,SOUTH-EASTERN ASIA,الفلبين,جنوب شرقي آسيا,R3-آسيا,0.01
2022,ROMANIA,R5-EUROPE,EASTERN EUROPE,رومانيا,أوروبا الشرقية,R5-أوروبا,-0.01
2022,SERBIA,R5-EUROPE,SOUTHERN EUROPE,جمهورية صربيا,أوروبا الجنوبية,R5-أوروبا,0.0
2022,SINGAPORE,R3-ASIA,SOUTH-EASTERN ASIA,سنغافورة,جنوب شرقي آسيا,R3-آسيا,23.79
2022,SLOVAKIA,R5-EUROPE,EASTERN EUROPE,سلوفاكيا,أوروبا الشرقية,R5-أوروبا,0.02
2022,SPAIN,R5-EUROPE,SOUTHERN EUROPE,اسبانيا,أوروبا الجنوبية,R5-أوروبا,12.5
2022,SYRIAN ARAB REPUBLIC,R2-OTHER ARAB COUNTRIES,WESTERN ASIA,سوريا,غربي آسيا,R2-الدول العربية الأخرى,0.63
2022,TRINIDAD AND TOBAGO,R4-AMERICAS,LATIN AMERICA AND THE CARIBBEAN,ترينيتي توباغو,أمريكا اللاتينية ومنطقة البحر الكاريبي,R4-أمريكا,0.0
2022,UNITED ARAB EMIRATES,R1-GCC,COUNTRIES OF ARABIAN GULF,دولة الامارات العربية المتحدة,دول الخليج العربي,R1-دول مجلس التعاون الخليجي,1152.96
2022,UNITED STATES VIRGIN ISLANDS,R4-AMERICAS,LATIN AMERICA AND THE CARIBBEAN,جزر فرجن التابعة للولايات المتحدة,أمريكا اللاتينية ومنطقة البحر الكاريبي,R4-أمريكا,-1.5
2022,UZBEKISTAN,R3-ASIA,CENTRAL ASIA,اوزبكستان,دول آسيا الوسطى,R3-آسيا,0.0
2022,"VENEZUELA, BOLIVARIAN REPUBLIC OF",R4-AMERICAS,LATIN AMERICA AND THE CARIBBEAN,فنزويلا,أمريكا اللاتينية ومنطقة البحر الكاريبي,R4-أمريكا,-0.01
2018,AZERBAIJAN,R3-ASIA,WESTERN ASIA,اذربيدجان,غربي آسيا,R3-آسيا,0.0
2018,BELIZE,R4-AMERICAS,LATIN AMERICA AND THE CARIBBEAN,بليز,أمريكا اللاتينية ومنطقة البحر الكاريبي,R4-أمريكا,
2018,BRUNEI DARUSSALAM,R3-ASIA,SOUTH-EASTERN ASIA,برونيي,جنوب شرقي آسيا,R3-آسيا,0.0
2018,BULGARIA,R5-EUROPE,EASTERN EUROPE,بلغاريا,أوروبا الشرقية,R5-أوروبا,0.0
2018,CANADA,R4-AMERICAS,NORTHERN AMERICA,كندا,أمريكا الشمالية,R4-أمريكا,2.01
2018,CHANNEL ISLANDS,R5-EUROPE,NORTHERN EUROPE,جزر تشانل,أوروبا الشمالية,R5-أوروبا,
2018,CHILE,R4-AMERICAS,LATIN AMERICA AND THE CARIBBEAN,تشيلي,أمريكا اللاتينية ومنطقة البحر الكاريبي,R4-أمريكا,0.0
2018,CZECHIA,R5-EUROPE,EASTERN EUROPE,تشيك,أوروبا الشرقية,R5-أوروبا,0.05
2018,EGYPT,R2-OTHER ARAB COUNTRIES,NORTH AFRICA,جمهورية مصر العربية,أفريقيا الشمالية,R2-الدول العربية الأخرى,1.28
2018,FRANCE,R5-EUROPE,WESTERN EUROPE,فرنسا,أوروبا الغربية,R5-أوروبا,-119.25
2018,GERMANY,R5-EUROPE,WESTERN EUROPE,ألمانيا,أوروبا الغربية,R5-أوروبا,139.56
2018,GHANA,R6-AFRICA,SUB-SAHARAN AFRICA,غانا,أفريقيا جنوب الصحراء الكبرى,R6-أفريقيا,0.0
2018,HUNGARY,R5-EUROPE,EASTERN EUROPE,هنغاريا,أوروبا الشرقية,R5-أوروبا,0.0
2018,INDIA,R3-ASIA,SOUTHERN ASIA,الهند,جنوب آسيا,R3-آسيا,384.67
2018,IRAN,R3-ASIA,SOUTHERN ASIA,جمهورية ايران الاسلامية,جنوب آسيا,R3-آسيا,115.72
2018,IRELAND,R5-EUROPE,NORTHERN EUROPE,ايرلندا,أوروبا الشمالية,R5-أوروبا,44.73
2018,JERSEY,R5-EUROPE,NORTHERN EUROPE,جيرزي,أوروبا الشمالية,R5-أوروبا,177.68
2018,KAZAKHSTAN,R3-ASIA,CENTRAL ASIA,كازخستان,دول آسيا الوسطى,R3-آسيا,0.0
2018,KENYA,R6-AFRICA,SUB-SAHARAN AFRICA,كينيا,أفريقيا جنوب الصحراء الكبرى,R6-أفريقيا,-0.92
2018,LUXEMBOURG,R5-EUROPE,WESTERN EUROPE,لوكسمبورغ,أوروبا الغربية,R5-أوروبا,1.19
2018,MAURITIUS,R6-AFRICA,SUB-SAHARAN AFRICA,موريس,أفريقيا جنوب الصحراء الكبرى,R6-أفريقيا,
2018,MEXICO,R4-AMERICAS,LATIN AMERICA AND THE CARIBBEAN,المكسيك,أمريكا اللاتينية ومنطقة البحر الكاريبي,R4-أمريكا,0.0
2018,MOROCCO,R2-OTHER ARAB COUNTRIES,NORTH AFRICA,المغرب,أفريقيا الشمالية,R2-الدول العربية الأخرى,1.23
2018,OMAN,R1-GCC,COUNTRIES OF ARABIAN GULF,عمان,دول الخليج العربي,R1-دول مجلس التعاون الخليجي,43.37
2018,PAKISTAN,R3-ASIA,SOUTHERN ASIA,باكستان,جنوب آسيا,R3-آسيا,64.06
2018,PALESTINE,R2-OTHER ARAB COUNTRIES,WESTERN ASIA,فلسطين,غربي آسيا,R2-الدول العربية الأخرى,6.32
2018,PHILIPPINES,R3-ASIA,SOUTH-EASTERN ASIA,الفلبين,جنوب شرقي آسيا,R3-آسيا,-0.05
2018,POLAND,R5-EUROPE,EASTERN EUROPE,بولندا,أوروبا الشرقية,R5-أوروبا,0.01
2018,SAUDI ARABIA,R1-GCC,COUNTRIES OF ARABIAN GULF,المملكة العربية السعودية,دول الخليج العربي,R1-دول مجلس التعاون الخليجي,3113.75
2018,SINGAPORE,R3-ASIA,SOUTH-EASTERN ASIA,سنغافورة,جنوب شرقي آسيا,R3-آسيا,7.26
2018,SLOVAKIA,R5-EUROPE,EASTERN EUROPE,سلوفاكيا,أوروبا الشرقية,R5-أوروبا,0.0
2018,SPAIN,R5-EUROPE,SOUTHERN EUROPE,اسبانيا,أوروبا الجنوبية,R5-أوروبا,0.03
2018,UNITED ARAB EMIRATES,R1-GCC,COUNTRIES OF ARABIAN GULF,دولة الامارات العربية المتحدة,دول الخليج العربي,R1-دول مجلس التعاون الخليجي,634.51
2018,YEMEN,R2-OTHER ARAB COUNTRIES,WESTERN ASIA,اليمن,غربي آسيا,R2-الدول العربية الأخرى,5.25
2019,ALGERIA,R2-OTHER ARAB COUNTRIES,NORTH AFRICA,الجزائر,أفريقيا الشمالية,R2-الدول العربية الأخرى,0.0
2019,ARGENTINA,R4-AMERICAS,LATIN AMERICA AND THE CARIBBEAN,الارجنتين,أمريكا اللاتينية ومنطقة البحر الكاريبي,R4-أمريكا,0.0
2019,BAHAMAS,R4-AMERICAS,LATIN AMERICA AND THE CARIBBEAN,باهاماس,أمريكا اللاتينية ومنطقة البحر الكاريبي,R4-أمريكا,9.33
2019,BELGIUM,R5-EUROPE,WESTERN EUROPE,بلجيكا,أوروبا الغربية,R5-أوروبا,3.71
2019,BRAZIL,R4-AMERICAS,LATIN AMERICA AND THE CARIBBEAN,البرازيل,أمريكا اللاتينية ومنطقة البحر الكاريبي,R4-أمريكا,1.77
2019,BRITISH VIRGIN ISLANDS,R4-AMERICAS,LATIN AMERICA AND THE CARIBBEAN,جزر فرجين البريطانية,أمريكا اللاتينية ومنطقة البحر الكاريبي,R4-أمريكا,24.42
2019,BRUNEI DARUSSALAM,R3-ASIA,SOUTH-EASTERN ASIA,برونيي,جنوب شرقي آسيا,R3-آسيا,0.0
2019,BULGARIA,R5-EUROPE,EASTERN EUROPE,بلغاريا,أوروبا الشرقية,R5-أوروبا,0.0
2019,CHANNEL ISLANDS,R5-EUROPE,NORTHERN EUROPE,جزر تشانل,أوروبا الشمالية,R5-أوروبا,
2019,EGYPT,R2-OTHER ARAB COUNTRIES,NORTH AFRICA,جمهورية مصر العربية,أفريقيا الشمالية,R2-الدول العربية الأخرى,3.32
2019,GIBRALTAR,R5-EUROPE,SOUTHERN EUROPE,جبل طارق,أوروبا الجنوبية,R5-أوروبا,0.0
2019,"HONG KONG, CHINA",R3-ASIA,EASTERN ASIA,هونج كونج,شرقي آسيا,R3-آسيا,34.09
2019,HUNGARY,R5-EUROPE,EASTERN EUROPE,هنغاريا,أوروبا الشرقية,R5-أوروبا,0.01
2019,IRAN,R3-ASIA,SOUTHERN ASIA,جمهورية ايران الاسلامية,جنوب آسيا,R3-آسيا,116.56
2019,ITALY,R5-EUROPE,SOUTHERN EUROPE,ايطاليا,أوروبا الجنوبية,R5-أوروبا,13.27
2019,KENYA,R6-AFRICA,SUB-SAHARAN AFRICA,كينيا,أفريقيا جنوب الصحراء الكبرى,R6-أفريقيا,-0.48
2019,LEBANON,R2-OTHER ARAB COUNTRIES,WESTERN ASIA,لبنان,غربي آسيا,R2-الدول العربية الأخرى,18.75
2019,MALTA,R5-EUROPE,SOUTHERN EUROPE,مالطا,أوروبا الجنوبية,R5-أوروبا,
2019,MARSHALL ISLANDS,R7-OCEANIA,MICRONESIA,جزر المارشال,ميكرونيزيا,R7-أوقيانيسيا,26.95
2019,MOROCCO,R2-OTHER ARAB COUNTRIES,NORTH AFRICA,المغرب,أفريقيا الشمالية,R2-الدول العربية الأخرى,1.45
2019,NIGERIA,R6-AFRICA,SUB-SAHARAN AFRICA,نيجيريا,أفريقيا جنوب الصحراء الكبرى,R6-أفريقيا,0.0
2019,NORWAY,R5-EUROPE,NORTHERN EUROPE,النرويج,أوروبا الشمالية,R5-أوروبا,9.69
2019,OMAN,R1-GCC,COUNTRIES OF ARABIAN GULF,عمان,دول الخليج العربي,R1-دول مجلس التعاون الخليجي,46.75
2019,PAKISTAN,R3-ASIA,SOUTHERN ASIA,باكستان,جنوب آسيا,R3-آسيا,80.12
2019,PERU,R4-AMERICAS,LATIN AMERICA AND THE CARIBBEAN,بيرو,أمريكا اللاتينية ومنطقة البحر الكاريبي,R4-أمريكا,0.0
2019,POLAND,R5-EUROPE,EASTERN EUROPE,بولندا,أوروبا الشرقية,R5-أوروبا,0.07
2019,PORTUGAL,R5-EUROPE,SOUTHERN EUROPE,البرتغال,أوروبا الجنوبية,R5-أوروبا,0.02
2019,RUSSIAN FEDERATION,R5-EUROPE,EASTERN EUROPE,روسيا الاتحادية,أوروبا الشرقية,R5-أوروبا,0.1
2019,SAUDI ARABIA,R1-GCC,COUNTRIES OF ARABIAN GULF,المملكة العربية السعودية,دول الخليج العربي,R1-دول مجلس التعاون الخليجي,3336.85
2019,SINGAPORE,R3-ASIA,SOUTH-EASTERN ASIA,سنغافورة,جنوب شرقي آسيا,R3-آسيا,8.44
2019,SRI LANKA,R3-ASIA,SOUTHERN ASIA,سريلانكا (سيلان),جنوب آسيا,R3-آسيا,0.12
2019,SUDAN,R2-OTHER ARAB COUNTRIES,NORTH AFRICA,السودان,أفريقيا الشمالية,R2-الدول العربية الأخرى,0.05
2019,SYRIA,R2-OTHER ARAB COUNTRIES,WESTERN ASIA,سوريا,غربي آسيا,R2-الدول العربية الأخرى,0.4
2019,THAILAND,R3-ASIA,SOUTH-EASTERN ASIA,تايلاند,جنوب شرقي آسيا,R3-آسيا,0.05
2019,VIETNAM,R3-ASIA,SOUTH-EASTERN ASIA,فيتنام,جنوب شرقي آسيا,R3-آسيا,0.0
2020,ARGENTINA,R4-AMERICAS,LATIN AMERICA AND THE CARIBBEAN,الارجنتين,أمريكا اللاتينية ومنطقة البحر الكاريبي,R4-أمريكا,0.02
2020,BARBADOS,R4-AMERICAS,LATIN AMERICA AND THE CARIBBEAN,برباد,أمريكا اللاتينية ومنطقة البحر الكاريبي,R4-أمريكا,-0.04
2020,BRAZIL,R4-AMERICAS,LATIN AMERICA AND THE CARIBBEAN,البرازيل,أمريكا اللاتينية ومنطقة البحر الكاريبي,R4-أمريكا,2.52
2020,BRUNEI DARUSSALAM,R3-ASIA,SOUTH-EASTERN ASIA,برونيي,جنوب شرقي آسيا,R3-آسيا,0.03
2020,CANADA,R4-AMERICAS,NORTHERN AMERICA,كندا,أمريكا الشمالية,R4-أمريكا,67.78
2020,CHANNEL ISLANDS,R5-EUROPE,NORTHERN EUROPE,جزر تشانل,أوروبا الشمالية,R5-أوروبا,
2020,FINLAND,R5-EUROPE,NORTHERN EUROPE,فنلندا,أوروبا الشمالية,R5-أوروبا,85.45
2020,GIBRALTAR,R5-EUROPE,SOUTHERN EUROPE,جبل طارق,أوروبا الجنوبية,R5-أوروبا,0.11
2020,GREECE,R5-EUROPE,SOUTHERN EUROPE,اليونان,أوروبا الجنوبية,R5-أوروبا,0.41
2020,INDONESIA,R3-ASIA,SOUTH-EASTERN ASIA,اندونسيا,جنوب شرقي آسيا,R3-آسيا,0.0
2020,IRELAND,R5-EUROPE,NORTHERN EUROPE,ايرلندا,أوروبا الشمالية,R5-أوروبا,40.81
2020,LIECHTENSTEIN,R5-EUROPE,WESTERN EUROPE,ليختنشتاين,أوروبا الغربية,R5-أوروبا,0.0
2020,LUXEMBOURG,R5-EUROPE,WESTERN EUROPE,لوكسمبورغ,أوروبا الغربية,R5-أوروبا,14.66
2020,MACEDONIA,R5-EUROPE,SOUTHERN EUROPE,مقدونيا,أوروبا الجنوبية,R5-أوروبا,-0.01
2020,NEPAL,R3-ASIA,SOUTHERN ASIA,نيبال,جنوب آسيا,R3-آسيا,-0.03
2020,NIGERIA,R6-AFRICA,SUB-SAHARAN AFRICA,نيجيريا,أفريقيا جنوب الصحراء الكبرى,R6-أفريقيا,0.06
2020,NORWAY,R5-EUROPE,NORTHERN EUROPE,النرويج,أوروبا الشمالية,R5-أوروبا,7.34
2020,PAKISTAN,R3-ASIA,SOUTHERN ASIA,باكستان,جنوب آسيا,R3-آسيا,90.76
2020,PALESTINE,R2-OTHER ARAB COUNTRIES,WESTERN ASIA,فلسطين,غربي آسيا,R2-الدول العربية الأخرى,0.98
2020,PERU,R4-AMERICAS,LATIN AMERICA AND THE CARIBBEAN,بيرو,أمريكا اللاتينية ومنطقة البحر الكاريبي,R4-أمريكا,0.0
2020,PORTUGAL,R5-EUROPE,SOUTHERN EUROPE,البرتغال,أوروبا الجنوبية,R5-أوروبا,0.0
2020,QATAR,R1-GCC,COUNTRIES OF ARABIAN GULF,دولة قطر,دول الخليج العربي,R1-دول مجلس التعاون الخليجي,267.85
2020,SRI LANKA,R3-ASIA,SOUTHERN ASIA,سريلانكا (سيلان),جنوب آسيا,R3-آسيا,0.11
2020,SWAZILAND,R6-AFRICA,SUB-SAHARAN AFRICA,سوازيلند,أفريقيا جنوب الصحراء الكبرى,R6-أفريقيا,0.0
2020,SYRIA,R2-OTHER ARAB COUNTRIES,WESTERN ASIA,سوريا,غربي آسيا,R2-الدول العربية الأخرى,0.63
2020,TUNISIA,R2-OTHER ARAB COUNTRIES,NORTH AFRICA,تونس,أفريقيا الشمالية,R2-الدول العربية الأخرى,-0.01
2020,UNITED ARAB EMIRATES,R1-GCC,COUNTRIES OF ARABIAN GULF,دولة الامارات العربية المتحدة,دول الخليج العربي,R1-دول مجلس التعاون الخليجي,985.03
2020,"VENEZUELA, BOLIVARIAN REPUBLIC OF",R4-AMERICAS,LATIN AMERICA AND THE CARIBBEAN,فنزويلا,أمريكا اللاتينية ومنطقة البحر الكاريبي,R4-أمريكا,-0.01
2020,VIETNAM,R3-ASIA,SOUTH-EASTERN ASIA,فيتنام,جنوب شرقي آسيا,R3-آسيا,0.0
2021,ALGERIA,R2-OTHER ARAB COUNTRIES,NORTH AFRICA,الجزائر,أفريقيا الشمالية,R2-الدول العربية الأخرى,-0.06
2021,AUSTRALIA,R7-OCEANIA,AUSTRALIA AND NEW ZEALAND,استراليا,أستراليا ونيوزيلندا,R7-أوقيانيسيا,0.99
2021,AZERBAIJAN,R3-ASIA,WESTERN ASIA,اذربيدجان,غربي آسيا,R3-آسيا,-0.01
2021,BARBADOS,R4-AMERICAS,LATIN AMERICA AND THE CARIBBEAN,برباد,أمريكا اللاتينية ومنطقة البحر الكاريبي,R4-أمريكا,39.28
2021,BRITISH VIRGIN ISLANDS,R4-AMERICAS,LATIN AMERICA AND THE CARIBBEAN,جزر فرجين البريطانية,أمريكا اللاتينية ومنطقة البحر الكاريبي,R4-أمريكا,41.61
2021,BRUNEI DARUSSALAM,R3-ASIA,SOUTH-EASTERN ASIA,برونيي,جنوب شرقي آسيا,R3-آسيا,0.08
2021,CAMEROON,R6-AFRICA,SUB-SAHARAN AFRICA,كاميرون شع,أفريقيا جنوب الصحراء الكبرى,R6-أفريقيا,0.0
2021,CAYMAN ISLANDS,R4-AMERICAS,LATIN AMERICA AND THE CARIBBEAN,جزر كيمان,أمريكا اللاتينية ومنطقة البحر الكاريبي,R4-أمريكا,625.07
2021,CHINA,R3-ASIA,EASTERN ASIA,الصين,شرقي آسيا,R3-آسيا,3.15
2021,CYPRUS,R3-ASIA,WESTERN ASIA,قبرص,غربي آسيا,R3-آسيا,21.62
2021,CZECHIA,R5-EUROPE,EASTERN EUROPE,تشيك,أوروبا الشرقية,R5-أوروبا,-0.01
2021,DENMARK,R5-EUROPE,NORTHERN EUROPE,الدنمارك,أوروبا الشمالية,R5-أوروبا,104.14
2021,EGYPT,R2-OTHER ARAB COUNTRIES,NORTH AFRICA,جمهورية مصر العربية,أفريقيا الشمالية,R2-الدول العربية الأخرى,13.85
2021,ESWATINI,R6-AFRICA,SUB-SAHARAN AFRICA,إسواتيني,أفريقيا جنوب الصحراء الكبرى,R6-أفريقيا,1.36
2021,FINLAND,R5-EUROPE,NORTHERN EUROPE,فنلندا,أوروبا الشمالية,R5-أوروبا,85.45
2021,GHANA,R6-AFRICA,SUB-SAHARAN AFRICA,غانا,أفريقيا جنوب الصحراء الكبرى,R6-أفريقيا,0.0
2021,JORDAN,R2-OTHER ARAB COUNTRIES,WESTERN ASIA,الاردن,غربي آسيا,R2-الدول العربية الأخرى,-40.9
2021,LIECHTENSTEIN,R5-EUROPE,WESTERN EUROPE,ليختنشتاين,أوروبا الغربية,R5-أوروبا,0.0
2021,LUXEMBOURG,R5-EUROPE,WESTERN EUROPE,لوكسمبورغ,أوروبا الغربية,R5-أوروبا,29.88
2021,MEXICO,R4-AMERICAS,LATIN AMERICA AND THE CARIBBEAN,المكسيك,أمريكا اللاتينية ومنطقة البحر الكاريبي,R4-أمريكا,0.01
2021,MOROCCO,R2-OTHER ARAB COUNTRIES,NORTH AFRICA,المغرب,أفريقيا الشمالية,R2-الدول العربية الأخرى,2.33
2021,MOZAMBIQUE,R6-AFRICA,SUB-SAHARAN AFRICA,موزمبيق,أفريقيا جنوب الصحراء الكبرى,R6-أفريقيا,0.0
2021,NIGERIA,R6-AFRICA,SUB-SAHARAN AFRICA,نيجيريا,أفريقيا جنوب الصحراء الكبرى,R6-أفريقيا,0.0
2021,PAKISTAN,R3-ASIA,SOUTHERN ASIA,باكستان,جنوب آسيا,R3-آسيا,92.23
2021,"PALESTINE, STATE OF",R2-OTHER ARAB COUNTRIES,WESTERN ASIA,فلسطين,غربي آسيا,R2-الدول العربية الأخرى,0.26
2021,POLAND,R5-EUROPE,EASTERN EUROPE,بولندا,أوروبا الشرقية,R5-أوروبا,0.11
2021,ROMANIA,R5-EUROPE,EASTERN EUROPE,رومانيا,أوروبا الشرقية,R5-أوروبا,-0.01
2021,SERBIA,R5-EUROPE,SOUTHERN EUROPE,جمهورية صربيا,أوروبا الجنوبية,R5-أوروبا,0.0
2021,SPAIN,R5-EUROPE,SOUTHERN EUROPE,اسبانيا,أوروبا الجنوبية,R5-أوروبا,8.17
2021,SRI LANKA,R3-ASIA,SOUTHERN ASIA,سريلانكا (سيلان),جنوب آسيا,R3-آسيا,0.08
2021,SUDAN,R2-OTHER ARAB COUNTRIES,NORTH AFRICA,السودان,أفريقيا الشمالية,R2-الدول العربية الأخرى,-0.37
2021,SWITZERLAND,R5-EUROPE,WESTERN EUROPE,سويسرا,أوروبا الغربية,R5-أوروبا,-18.41
2021,"TANZANIA, UNITED REPUBLIC OF",R6-AFRICA,SUB-SAHARAN AFRICA,جمهورية تنزانيا المتحدة,أفريقيا جنوب الصحراء الكبرى,R6-أفريقيا,1.04
2021,TRINIDAD AND TOBAGO,R4-AMERICAS,LATIN AMERICA AND THE CARIBBEAN,ترينيتي توباغو,أمريكا اللاتينية ومنطقة البحر الكاريبي,R4-أمريكا,0.0
2021,TÜRKIYE,R3-ASIA,WESTERN ASIA,تركيا,غربي آسيا,R3-آسيا,352.27
2021,UNITED STATES VIRGIN ISLANDS,R4-AMERICAS,LATIN AMERICA AND THE CARIBBEAN,جزر فرجن التابعة للولايات المتحدة,أمريكا اللاتينية ومنطقة البحر الكاريبي,R4-أمريكا,-0.77
2021,"VENEZUELA, BOLIVARIAN REPUBLIC OF",R4-AMERICAS,LATIN AMERICA AND THE CARIBBEAN,فنزويلا,أمريكا اللاتينية ومنطقة البحر الكاريبي,R4-أمريكا,-0.01
2021,VIETNAM,R3-ASIA,SOUTH-EASTERN ASIA,فيتنام,جنوب شرقي آسيا,R3-آسيا,-0.01
2022,ALGERIA,R2-OTHER ARAB COUNTRIES,NORTH AFRICA,الجزائر,أفريقيا الشمالية,R2-الدول العربية الأخرى,-0.06
2022,BAHAMAS,R4-AMERICAS,LATIN AMERICA AND THE CARIBBEAN,باهاماس,أمريكا اللاتينية ومنطقة البحر الكاريبي,R4-أمريكا,79.73
2022,BANGLADESH,R3-ASIA,SOUTHERN ASIA,بنغلاديش,جنوب آسيا,R3-آسيا,-0.06
2022,BARBADOS,R4-AMERICAS,LATIN AMERICA AND THE CARIBBEAN,برباد,أمريكا اللاتينية ومنطقة البحر الكاريبي,R4-أمريكا,44.84
2022,BRITISH VIRGIN ISLANDS,R4-AMERICAS,LATIN AMERICA AND THE CARIBBEAN,جزر فرجين البريطانية,أمريكا اللاتينية ومنطقة البحر الكاريبي,R4-أمريكا,62.69
2022,BRUNEI DARUSSALAM,R3-ASIA,SOUTH-EASTERN ASIA,برونيي,جنوب شرقي آسيا,R3-آسيا,0.08
2022,COMOROS,R2-OTHER ARAB COUNTRIES,SUB-SAHARAN AFRICA,جزر القمر,أفريقيا جنوب الصحراء الكبرى,R2-الدول العربية الأخرى,0.0
2022,ETHIOPIA,R6-AFRICA,SUB-SAHARAN AFRICA,اثيوبيا,أفريقيا جنوب الصحراء الكبرى,R6-أفريقيا,-0.01
2022,FINLAND,R5-EUROPE,NORTHERN EUROPE,فنلندا,أوروبا الشمالية,R5-أوروبا,-0.32
2022,FRANCE,R5-EUROPE,WESTERN EUROPE,فرنسا,أوروبا الغربية,R5-أوروبا,-81.57
2022,GEORGIA,R3-ASIA,WESTERN ASIA,جورجيا,غربي آسيا,R3-آسيا,0.0
2022,GIBRALTAR,R5-EUROPE,SOUTHERN EUROPE,جبل طارق,أوروبا الجنوبية,R5-أوروبا,0.1
2022,GREECE,R5-EUROPE,SOUTHERN EUROPE,اليونان,أوروبا الجنوبية,R5-أوروبا,0.03
2022,IRAQ,R2-OTHER ARAB COUNTRIES,WESTERN ASIA,الجمهورية العراقية,غربي آسيا,R2-الدول العربية الأخرى,13.61
2022,IRELAND,R5-EUROPE,NORTHERN EUROPE,ايرلندا,أوروبا الشمالية,R5-أوروبا,19.21
2022,ISLE OF MAN,R5-EUROPE,NORTHERN EUROPE,جزيرة مان,غربي آسيا,R3-آسيا,1.19
2022,JORDAN,R2-OTHER ARAB COUNTRIES,WESTERN ASIA,الاردن,غربي آسيا,R2-الدول العربية الأخرى,2.21
2022,LIECHTENSTEIN,R5-EUROPE,WESTERN EUROPE,ليختنشتاين,أوروبا الغربية,R5-أوروبا,0.0
2022,MALTA,R5-EUROPE,SOUTHERN EUROPE,مالطة,أوروبا الجنوبية,R5-أوروبا,-0.21
2022,NETHERLANDS,R5-EUROPE,WESTERN EUROPE,هولندا,أوروبا الغربية,R5-أوروبا,155.13
2022,NEW ZEALAND,R7-OCEANIA,AUSTRALIA AND NEW ZEALAND,نيوزليندا,أستراليا ونيوزيلندا,R7-أوقيانيسيا,0.44
2022,NORTH MACEDONIA,R5-EUROPE,SOUTHERN EUROPE,مقدونيا الشمالية,أوروبا الجنوبية,R5-أوروبا,-0.01
2022,PERU,R4-AMERICAS,LATIN AMERICA AND THE CARIBBEAN,بيرو,أمريكا اللاتينية ومنطقة البحر الكاريبي,R4-أمريكا,0.0
2022,SOUTH KOREA (REPUBLIC OF KOREA),R3-ASIA,EASTERN ASIA,كوريا الجنوبية,شرقي آسيا,R3-آسيا,25.32
2022,SRI LANKA,R3-ASIA,SOUTHERN ASIA,سريلانكا (سيلان),جنوب آسيا,R3-آسيا,0.08
2022,SWEDEN,R5-EUROPE,NORTHERN EUROPE,السويد,أوروبا الشمالية,R5-أوروبا,34.73
2022,"TANZANIA, UNITED REPUBLIC OF",R6-AFRICA,SUB-SAHARAN AFRICA,جمهورية تنزانيا المتحدة,أفريقيا جنوب الصحراء الكبرى,R6-أفريقيا,1.04
2022,TUNISIA,R2-OTHER ARAB COUNTRIES,NORTH AFRICA,تونس,أفريقيا الشمالية,R2-الدول العربية الأخرى,0.0
2022,TÜRKIYE,R3-ASIA,WESTERN ASIA,تركيا,غربي آسيا,R3-آسيا,240.14
2022,TURKS AND CAICOS ISLANDS,R4-AMERICAS,LATIN AMERICA AND THE CARIBBEAN,تركس والكايك,أمريكا اللاتينية ومنطقة البحر الكاريبي,R4-أمريكا,1.93
2022,UKRAINE,R5-EUROPE,EASTERN EUROPE,اوكرانيا,أوروبا الشرقية,R5-أوروبا,0.0
2022,UNITED KINGDOM OF GREAT BRITAIN AND NORTHERN IRELAND,R5-EUROPE,NORTHERN EUROPE,المملكة المتحدة,أوروبا الشمالية,R5-أوروبا,20.33
2022,UNITED STATES OF AMERICA,R4-AMERICAS,NORTHERN AMERICA,الولايات المتحدة الامريكية,أمريكا الشمالية,R4-أمريكا,144.67
2022,YEMEN,R2-OTHER ARAB COUNTRIES,WESTERN ASIA,اليمن,غربي آسيا,R2-الدول العربية الأخرى,1.73
2018,ALGERIA,R2-OTHER ARAB COUNTRIES,NORTH AFRICA,الجزائر,أفريقيا الشمالية,R2-الدول العربية الأخرى,0.0
2018,AUSTRIA,R5-EUROPE,WESTERN EUROPE,النمسا,أوروبا الغربية,R5-أوروبا,-0.02
2018,BAHAMAS,R4-AMERICAS,LATIN AMERICA AND THE CARIBBEAN,باهاماس,أمريكا اللاتينية ومنطقة البحر الكاريبي,R4-أمريكا,11.37
2018,BARBADOS,R4-AMERICAS,LATIN AMERICA AND THE CARIBBEAN,برباد,أمريكا اللاتينية ومنطقة البحر الكاريبي,R4-أمريكا,0.0
2018,BERMUDA,R4-AMERICAS,NORTHERN AMERICA,برمودا,أمريكا الشمالية,R4-أمريكا,-0.85
2018,BRAZIL,R4-AMERICAS,LATIN AMERICA AND THE CARIBBEAN,البرازيل,أمريكا اللاتينية ومنطقة البحر الكاريبي,R4-أمريكا,2.18
2018,CAYMAN ISLANDS,R4-AMERICAS,LATIN AMERICA AND THE CARIBBEAN,جزر كيمان,أمريكا اللاتينية ومنطقة البحر الكاريبي,R4-أمريكا,644.33
2018,DENMARK,R5-EUROPE,NORTHERN EUROPE,الدنمارك,أوروبا الشمالية,R5-أوروبا,18.69
2018,FINLAND,R5-EUROPE,NORTHERN EUROPE,فنلندا,أوروبا الشمالية,R5-أوروبا,40.66
2018,GREECE,R5-EUROPE,SOUTHERN EUROPE,اليونان,أوروبا الجنوبية,R5-أوروبا,0.3
2018,GUERNSEY,R5-EUROPE,NORTHERN EUROPE,غيرنزي,أوروبا الشمالية,R5-أوروبا,0.0
2018,INDONESIA,R3-ASIA,SOUTH-EASTERN ASIA,اندونسيا,جنوب شرقي آسيا,R3-آسيا,0.0
2018,ISLE OF MAN,R5-EUROPE,NORTHERN EUROPE,جزيرة مان,غربي آسيا,R3-آسيا,1.21
2018,ITALY,R5-EUROPE,SOUTHERN EUROPE,ايطاليا,أوروبا الجنوبية,R5-أوروبا,0.34
2018,JAPAN,R3-ASIA,EASTERN ASIA,اليابان,شرقي آسيا,R3-آسيا,148.54
2018,LEBANON,R2-OTHER ARAB COUNTRIES,WESTERN ASIA,لبنان,غربي آسيا,R2-الدول العربية الأخرى,12.44
2018,LIBYA,R2-OTHER ARAB COUNTRIES,NORTH AFRICA,ليبيا,أفريقيا الشمالية,R2-الدول العربية الأخرى,1124.18
2018,LIECHTENSTEIN,R5-EUROPE,WESTERN EUROPE,ليختنشتاين,أوروبا الغربية,R5-أوروبا,0.0
2018,MALAYSIA,R3-ASIA,SOUTH-EASTERN ASIA,ماليزيا,جنوب شرقي آسيا,R3-آسيا,-0.48
2018,MALTA,R5-EUROPE,SOUTHERN EUROPE,مالطا,أوروبا الجنوبية,R5-أوروبا,
2018,MARSHALL ISLANDS,R7-OCEANIA,MICRONESIA,جزر المارشال,ميكرونيزيا,R7-أوقيانيسيا,30.09
2018,NEPAL,R3-ASIA,SOUTHERN ASIA,نيبال,جنوب آسيا,R3-آسيا,0.0
2018,NETHERLANDS,R5-EUROPE,WESTERN EUROPE,هولندا,أوروبا الغربية,R5-أوروبا,-15.47
2018,NEW ZEALAND,R7-OCEANIA,AUSTRALIA AND NEW ZEALAND,نيوزليندا,أستراليا ونيوزيلندا,R7-أوقيانيسيا,1.01
2018,NIGERIA,R6-AFRICA,SUB-SAHARAN AFRICA,نيجيريا,أفريقيا جنوب الصحراء الكبرى,R6-أفريقيا,0.0
2018,NORWAY,R5-EUROPE,NORTHERN EUROPE,النرويج,أوروبا الشمالية,R5-أوروبا,5.87
2018,QATAR,R1-GCC,COUNTRIES OF ARABIAN GULF,دولة قطر,دول الخليج العربي,R1-دول مجلس التعاون الخليجي,311.13
2018,ROMANIA,R5-EUROPE,EASTERN EUROPE,رومانيا,أوروبا الشرقية,R5-أوروبا,0.0
2018,SEYCHELLES,R6-AFRICA,SUB-SAHARAN AFRICA,سيشل,أفريقيا جنوب الصحراء الكبرى,R6-أفريقيا,0.0
2018,SOUTH KOREA,R3-ASIA,EASTERN ASIA,كوريا الجنوبية,شرقي آسيا,R3-آسيا,10.94
2018,SWITZERLAND,R5-EUROPE,WESTERN EUROPE,سويسرا,أوروبا الغربية,R5-أوروبا,-30.54
2018,SYRIA,R2-OTHER ARAB COUNTRIES,WESTERN ASIA,سوريا,غربي آسيا,R2-الدول العربية الأخرى,0.38
2018,"TAIWAN, PROVINCE OF CHINA",R3-ASIA,EASTERN ASIA,مقاطعة تايوان الصينية,شرقي آسيا,R3-آسيا,2.42
2018,THAILAND,R3-ASIA,SOUTH-EASTERN ASIA,تايلاند,جنوب شرقي آسيا,R3-آسيا,0.0
2018,TUNISIA,R2-OTHER ARAB COUNTRIES,NORTH AFRICA,تونس,أفريقيا الشمالية,R2-الدول العربية الأخرى,-0.05
2018,UNITED KINGDOM,R5-EUROPE,NORTHERN EUROPE,المملكة المتحدة,أوروبا الشمالية,R5-أوروبا,298.88
2018,UNITED STATES OF AMERICA,R4-AMERICAS,NORTHERN AMERICA,الولايات المتحدة الامريكية,أمريكا الشمالية,R4-أمريكا,122.83
2018,UZBEKISTAN,R3-ASIA,CENTRAL ASIA,اوزبكستان,دول آسيا الوسطى,R3-آسيا,0.0
2019,AUSTRIA,R5-EUROPE,WESTERN EUROPE,النمسا,أوروبا الغربية,R5-أوروبا,-0.02
2019,AZERBAIJAN,R3-ASIA,WESTERN ASIA,اذربيدجان,غربي آسيا,R3-آسيا,0.0
2019,BANGLADESH,R3-ASIA,SOUTHERN ASIA,بنغلاديش,جنوب آسيا,R3-آسيا,0.5
2019,BARBADOS,R4-AMERICAS,LATIN AMERICA AND THE CARIBBEAN,برباد,أمريكا اللاتينية ومنطقة البحر الكاريبي,R4-أمريكا,0.0
2019,BELIZE,R4-AMERICAS,LATIN AMERICA AND THE CARIBBEAN,بليز,أمريكا اللاتينية ومنطقة البحر الكاريبي,R4-أمريكا,
2019,CANADA,R4-AMERICAS,NORTHERN AMERICA,كندا,أمريكا الشمالية,R4-أمريكا,2.4
2019,CHILE,R4-AMERICAS,LATIN AMERICA AND THE CARIBBEAN,تشيلي,أمريكا اللاتينية ومنطقة البحر الكاريبي,R4-أمريكا,0.0
2019,COMOROS,R2-OTHER ARAB COUNTRIES,SUB-SAHARAN AFRICA,جزر القمر,أفريقيا جنوب الصحراء الكبرى,R2-الدول العربية الأخرى,0.21
2019,CYPRUS,R3-ASIA,WESTERN ASIA,قبرص,غربي آسيا,R3-آسيا,13.95
2019,FRANCE,R5-EUROPE,WESTERN EUROPE,فرنسا,أوروبا الغربية,R5-أوروبا,-135.7
2019,GHANA,R6-AFRICA,SUB-SAHARAN AFRICA,غانا,أفريقيا جنوب الصحراء الكبرى,R6-أفريقيا,0.0
2019,GUERNSEY,R5-EUROPE,NORTHERN EUROPE,غيرنزي,أوروبا الشمالية,R5-أوروبا,0.0
2019,INDONESIA,R3-ASIA,SOUTH-EASTERN ASIA,اندونسيا,جنوب شرقي آسيا,R3-آسيا,0.0
2019,JAPAN,R3-ASIA,EASTERN ASIA,اليابان,شرقي آسيا,R3-آسيا,139.18
2019,JORDAN,R2-OTHER ARAB COUNTRIES,WESTERN ASIA,الاردن,غربي آسيا,R2-الدول العربية الأخرى,1.07
2019,KAZAKHSTAN,R3-ASIA,CENTRAL ASIA,كازخستان,دول آسيا الوسطى,R3-آسيا,0.0
2019,LUXEMBOURG,R5-EUROPE,WESTERN EUROPE,لوكسمبورغ,أوروبا الغربية,R5-أوروبا,3.32
2019,MEXICO,R4-AMERICAS,LATIN AMERICA AND THE CARIBBEAN,المكسيك,أمريكا اللاتينية ومنطقة البحر الكاريبي,R4-أمريكا,0.0
2019,MOZAMBIQUE,R6-AFRICA,SUB-SAHARAN AFRICA,موزمبيق,أفريقيا جنوب الصحراء الكبرى,R6-أفريقيا,0.0
2019,NEPAL,R3-ASIA,SOUTHERN ASIA,نيبال,جنوب آسيا,R3-آسيا,0.0
2019,NETHERLANDS,R5-EUROPE,WESTERN EUROPE,هولندا,أوروبا الغربية,R5-أوروبا,52.18
2019,PANAMA,R4-AMERICAS,LATIN AMERICA AND THE CARIBBEAN,بنما,أمريكا اللاتينية ومنطقة البحر الكاريبي,R4-أمريكا,3.45
2019,QATAR,R1-GCC,COUNTRIES OF ARABIAN GULF,دولة قطر,دول الخليج العربي,R1-دول مجلس التعاون الخليجي,284.46
2019,SWAZILAND,R6-AFRICA,SUB-SAHARAN AFRICA,سوازيلند,أفريقيا جنوب الصحراء الكبرى,R6-أفريقيا,-0.48
2019,SWEDEN,R5-EUROPE,NORTHERN EUROPE,السويد,أوروبا الشمالية,R5-أوروبا,0.01
2019,"TAIWAN, PROVINCE OF CHINA",R3-ASIA,EASTERN ASIA,مقاطعة تايوان الصينية,شرقي آسيا,R3-آسيا,3.6
2019,TURKEY,R3-ASIA,WESTERN ASIA,تركيا,غربي آسيا,R3-آسيا,199.41
2019,UNITED ARAB EMIRATES,R1-GCC,COUNTRIES OF ARABIAN GULF,دولة الامارات العربية المتحدة,دول الخليج العربي,R1-دول مجلس التعاون الخليجي,775.62
2019,UNITED KINGDOM,R5-EUROPE,NORTHERN EUROPE,المملكة المتحدة,أوروبا الشمالية,R5-أوروبا,299.53
2019,UNITED STATES OF AMERICA,R4-AMERICAS,NORTHERN AMERICA,الولايات المتحدة الامريكية,أمريكا الشمالية,R4-أمريكا,130.5
2019,"VENEZUELA, BOLIVARIAN REPUBLIC OF",R4-AMERICAS,LATIN AMERICA AND THE CARIBBEAN,فنزويلا,أمريكا اللاتينية ومنطقة البحر الكاريبي,R4-أمريكا,0.0
2019,YEMEN,R2-OTHER ARAB COUNTRIES,WESTERN ASIA,اليمن,غربي آسيا,R2-الدول العربية الأخرى,4.23
2020,AUSTRALIA,R7-OCEANIA,AUSTRALIA AND NEW ZEALAND,استراليا,أستراليا ونيوزيلندا,R7-أوقيانيسيا,0.93
2020,AZERBAIJAN,R3-ASIA,WESTERN ASIA,اذربيدجان,غربي آسيا,R3-آسيا,-0.01
2020,BAHAMAS,R4-AMERICAS,LATIN AMERICA AND THE CARIBBEAN,باهاماس,أمريكا اللاتينية ومنطقة البحر الكاريبي,R4-أمريكا,82.12
2020,BANGLADESH,R3-ASIA,SOUTHERN ASIA,بنغلاديش,جنوب آسيا,R3-آسيا,0.11
2020,BELGIUM,R5-EUROPE,WESTERN EUROPE,بلجيكا,أوروبا الغربية,R5-أوروبا,8.88
2020,BERMUDA,R4-AMERICAS,NORTHERN AMERICA,برمودا,أمريكا الشمالية,R4-أمريكا,-28.16
2020,CHILE,R4-AMERICAS,LATIN AMERICA AND THE CARIBBEAN,تشيلي,أمريكا اللاتينية ومنطقة البحر الكاريبي,R4-أمريكا,0.0
2020,COMOROS,R2-OTHER ARAB COUNTRIES,SUB-SAHARAN AFRICA,جزر القمر,أفريقيا جنوب الصحراء الكبرى,R2-الدول العربية الأخرى,0.0
2020,CYPRUS,R3-ASIA,WESTERN ASIA,قبرص,غربي آسيا,R3-آسيا,23.91
2020,CZECHIA,R5-EUROPE,EASTERN EUROPE,تشيك,أوروبا الشرقية,R5-أوروبا,0.1
2020,EGYPT,R2-OTHER ARAB COUNTRIES,NORTH AFRICA,جمهورية مصر العربية,أفريقيا الشمالية,R2-الدول العربية الأخرى,4.83
2020,FRANCE,R5-EUROPE,WESTERN EUROPE,فرنسا,أوروبا الغربية,R5-أوروبا,-113.26
2020,HUNGARY,R5-EUROPE,EASTERN EUROPE,هنغاريا,أوروبا الشرقية,R5-أوروبا,0.02
2020,INDIA,R3-ASIA,SOUTHERN ASIA,الهند,جنوب آسيا,R3-آسيا,536.86
2020,IRAN,R3-ASIA,SOUTHERN ASIA,جمهورية ايران الاسلامية,جنوب آسيا,R3-آسيا,117.04
2020,IRAQ,R2-OTHER ARAB COUNTRIES,WESTERN ASIA,الجمهورية العراقية,غربي آسيا,R2-الدول العربية الأخرى,4.45
2020,ISLE OF MAN,R5-EUROPE,NORTHERN EUROPE,جزيرة مان,غربي آسيا,R3-آسيا,1.18
2020,ISRAEL,R3-ASIA,WESTERN ASIA,إسرائيل,غربي آسيا,R3-آسيا,-0.05
2020,JAPAN,R3-ASIA,EASTERN ASIA,اليابان,شرقي آسيا,R3-آسيا,156.68
2020,KAZAKHSTAN,R3-ASIA,CENTRAL ASIA,كازخستان,دول آسيا الوسطى,R3-آسيا,0.22
2020,KUWAIT,R1-GCC,COUNTRIES OF ARABIAN GULF,دولة الكويت,دول الخليج العربي,R1-دول مجلس التعاون الخليجي,3460.24
2020,LEBANON,R2-OTHER ARAB COUNTRIES,WESTERN ASIA,لبنان,غربي آسيا,R2-الدول العربية الأخرى,19.55
2020,LIBYA,R2-OTHER ARAB COUNTRIES,NORTH AFRICA,ليبيا,أفريقيا الشمالية,R2-الدول العربية الأخرى,1088.64
2020,MALAYSIA,R3-ASIA,SOUTH-EASTERN ASIA,ماليزيا,جنوب شرقي آسيا,R3-آسيا,0.09
2020,MAURITIUS,R6-AFRICA,SUB-SAHARAN AFRICA,موريس,أفريقيا جنوب الصحراء الكبرى,R6-أفريقيا,
2020,MEXICO,R4-AMERICAS,LATIN AMERICA AND THE CARIBBEAN,المكسيك,أمريكا اللاتينية ومنطقة البحر الكاريبي,R4-أمريكا,0.0
2020,MOROCCO,R2-OTHER ARAB COUNTRIES,NORTH AFRICA,المغرب,أفريقيا الشمالية,R2-الدول العربية الأخرى,2.07
2020,OMAN,R1-GCC,COUNTRIES OF ARABIAN GULF,عمان,دول الخليج العربي,R1-دول مجلس التعاون الخليجي,45.74
2020,PANAMA,R4-AMERICAS,LATIN AMERICA AND THE CARIBBEAN,بنما,أمريكا اللاتينية ومنطقة البحر الكاريبي,R4-أمريكا,3.19
2020,PHILIPPINES,R3-ASIA,SOUTH-EASTERN ASIA,الفلبين,جنوب شرقي آسيا,R3-آسيا,-0.08
2020,POLAND,R5-EUROPE,EASTERN EUROPE,بولندا,أوروبا الشرقية,R5-أوروبا,0.09
2020,SAUDI ARABIA,R1-GCC,COUNTRIES OF ARABIAN GULF,المملكة العربية السعودية,دول الخليج العربي,R1-دول مجلس التعاون الخليجي,3499.15
2020,SEYCHELLES,R6-AFRICA,SUB-SAHARAN AFRICA,سيشل,أفريقيا جنوب الصحراء الكبرى,R6-أفريقيا,0.13
2020,SINGAPORE,R3-ASIA,SOUTH-EASTERN ASIA,سنغافورة,جنوب شرقي آسيا,R3-آسيا,8.81
2020,SPAIN,R5-EUROPE,SOUTHERN EUROPE,اسبانيا,أوروبا الجنوبية,R5-أوروبا,2.16
2020,SWITZERLAND,R5-EUROPE,WESTERN EUROPE,سويسرا,أوروبا الغربية,R5-أوروبا,-50.27
2020,"TAIWAN, PROVINCE OF CHINA",R3-ASIA,EASTERN ASIA,مقاطعة تايوان الصينية,شرقي آسيا,R3-آسيا,2.95
2020,TURKEY,R3-ASIA,WESTERN ASIA,تركيا,غربي آسيا,R3-آسيا,443.02
2020,UZBEKISTAN,R3-ASIA,CENTRAL ASIA,اوزبكستان,دول آسيا الوسطى,R3-آسيا,0.0
2020,YEMEN,R2-OTHER ARAB COUNTRIES,WESTERN ASIA,اليمن,غربي آسيا,R2-الدول العربية الأخرى,2.67
2021,AUSTRIA,R5-EUROPE,WESTERN EUROPE,النمسا,أوروبا الغربية,R5-أوروبا,1.26
2021,BANGLADESH,R3-ASIA,SOUTHERN ASIA,بنغلاديش,جنوب آسيا,R3-آسيا,-0.01
2021,BRAZIL,R4-AMERICAS,LATIN AMERICA AND THE CARIBBEAN,البرازيل,أمريكا اللاتينية ومنطقة البحر الكاريبي,R4-أمريكا,2.42
2021,BULGARIA,R5-EUROPE,EASTERN EUROPE,بلغاريا,أوروبا الشرقية,R5-أوروبا,0.0
2021,CANADA,R4-AMERICAS,NORTHERN AMERICA,كندا,أمريكا الشمالية,R4-أمريكا,18.05
2021,"CHINA, HONG KONG SPECIAL ADMINISTRATIVE REGION",R3-ASIA,EASTERN ASIA,الصين، منطقة هونغ كونغ الإدارية الخاصة,شرقي آسيا,R3-آسيا,50.19
2021,CONGO,R6-AFRICA,SUB-SAHARAN AFRICA,كونغو,أفريقيا جنوب الصحراء الكبرى,R6-أفريقيا,0.0
2021,GABON,R6-AFRICA,SUB-SAHARAN AFRICA,غابون,أفريقيا جنوب الصحراء الكبرى,R6-أفريقيا,0.0
2021,GERMANY,R5-EUROPE,WESTERN EUROPE,ألمانيا,أوروبا الغربية,R5-أوروبا,-37.38
2021,GIBRALTAR,R5-EUROPE,SOUTHERN EUROPE,جبل طارق,أوروبا الجنوبية,R5-أوروبا,0.11
2021,GUERNSEY,R5-EUROPE,NORTHERN EUROPE,غيرنزي,أوروبا الشمالية,R5-أوروبا,-1.17
2021,HUNGARY,R5-EUROPE,EASTERN EUROPE,هنغاريا,أوروبا الشرقية,R5-أوروبا,0.06
2021,INDIA,R3-ASIA,SOUTHERN ASIA,الهند,جنوب آسيا,R3-آسيا,551.04
2021,INDONESIA,R3-ASIA,SOUTH-EASTERN ASIA,اندونسيا,جنوب شرقي آسيا,R3-آسيا,0.0
2021,"IRAN, ISLAMIC REPUBLIC OF",R3-ASIA,SOUTHERN ASIA,جمهورية ايران الاسلامية,جنوب آسيا,R3-آسيا,78.01
2021,IRAQ,R2-OTHER ARAB COUNTRIES,WESTERN ASIA,الجمهورية العراقية,غربي آسيا,R2-الدول العربية الأخرى,12.7
2021,IRELAND,R5-EUROPE,NORTHERN EUROPE,ايرلندا,أوروبا الشمالية,R5-أوروبا,23.71
2021,ISLE OF MAN,R5-EUROPE,NORTHERN EUROPE,جزيرة مان,غربي آسيا,R3-آسيا,1.18
2021,ISRAEL,R3-ASIA,WESTERN ASIA,إسرائيل,غربي آسيا,R3-آسيا,-0.2
2021,ITALY,R5-EUROPE,SOUTHERN EUROPE,ايطاليا,أوروبا الجنوبية,R5-أوروبا,15.1
2021,JERSEY,R5-EUROPE,NORTHERN EUROPE,جيرزي,أوروبا الشمالية,R5-أوروبا,36.28
2021,KAZAKHSTAN,R3-ASIA,CENTRAL ASIA,كازخستان,دول آسيا الوسطى,R3-آسيا,0.28
2021,KUWAIT,R1-GCC,COUNTRIES OF ARABIAN GULF,دولة الكويت,دول الخليج العربي,R1-دول مجلس التعاون الخليجي,3688.9
2021,LIBYA,R2-OTHER ARAB COUNTRIES,NORTH AFRICA,ليبيا,أفريقيا الشمالية,R2-الدول العربية الأخرى,1111.63
2021,MARSHALL ISLANDS,R7-OCEANIA,MICRONESIA,جزر المارشال,ميكرونيزيا,R7-أوقيانيسيا,56.93
2021,NORTH MACEDONIA,R5-EUROPE,SOUTHERN EUROPE,مقدونيا الشمالية,أوروبا الجنوبية,R5-أوروبا,-0.01
2021,PANAMA,R4-AMERICAS,LATIN AMERICA AND THE CARIBBEAN,بنما,أمريكا اللاتينية ومنطقة البحر الكاريبي,R4-أمريكا,3.32
2021,PORTUGAL,R5-EUROPE,SOUTHERN EUROPE,البرتغال,أوروبا الجنوبية,R5-أوروبا,0.06
2021,RUSSIAN FEDERATION,R5-EUROPE,EASTERN EUROPE,روسيا الاتحادية,أوروبا الشرقية,R5-أوروبا,0.11
2021,SLOVAKIA,R5-EUROPE,EASTERN EUROPE,سلوفاكيا,أوروبا الشرقية,R5-أوروبا,0.02
2021,SYRIAN ARAB REPUBLIC,R2-OTHER ARAB COUNTRIES,WESTERN ASIA,سوريا,غربي آسيا,R2-الدول العربية الأخرى,0.01
2021,"TAIWAN, PROVINCE OF CHINA",R3-ASIA,EASTERN ASIA,مقاطعة تايوان الصينية,شرقي آسيا,R3-آسيا,2.9
2021,TUNISIA,R2-OTHER ARAB COUNTRIES,NORTH AFRICA,تونس,أفريقيا الشمالية,R2-الدول العربية الأخرى,0.0
2021,UKRAINE,R5-EUROPE,EASTERN EUROPE,اوكرانيا,أوروبا الشرقية,R5-أوروبا,0.0
2022,AUSTRALIA,R7-OCEANIA,AUSTRALIA AND NEW ZEALAND,استراليا,أستراليا ونيوزيلندا,R7-أوقيانيسيا,0.04
2022,AUSTRIA,R5-EUROPE,WESTERN EUROPE,النمسا,أوروبا الغربية,R5-أوروبا,1.06
2022,AZERBAIJAN,R3-ASIA,WESTERN ASIA,اذربيدجان,غربي آسيا,R3-آسيا,0.08
2022,CAMEROON,R6-AFRICA,SUB-SAHARAN AFRICA,كاميرون شع,أفريقيا جنوب الصحراء الكبرى,R6-أفريقيا,0.0
2022,CANADA,R4-AMERICAS,NORTHERN AMERICA,كندا,أمريكا الشمالية,R4-أمريكا,17.97
2022,CAYMAN ISLANDS,R4-AMERICAS,LATIN AMERICA AND THE CARIBBEAN,جزر كيمان,أمريكا اللاتينية ومنطقة البحر الكاريبي,R4-أمريكا,721.43
2022,CHINA,R3-ASIA,EASTERN ASIA,الصين,شرقي آسيا,R3-آسيا,2.35
2022,"CHINA, HONG KONG SPECIAL ADMINISTRATIVE REGION",R3-ASIA,EASTERN ASIA,الصين، منطقة هونغ كونغ الإدارية الخاصة,شرقي آسيا,R3-آسيا,50.7
2022,CONGO,R6-AFRICA,SUB-SAHARAN AFRICA,كونغو,أفريقيا جنوب الصحراء الكبرى,R6-أفريقيا,0.0
2022,CROATIA,R5-EUROPE,SOUTHERN EUROPE,كرواتيا,أوروبا الجنوبية,R5-أوروبا,0.01
2022,DENMARK,R5-EUROPE,NORTHERN EUROPE,الدنمارك,أوروبا الشمالية,R5-أوروبا,115.67
2022,GABON,R6-AFRICA,SUB-SAHARAN AFRICA,غابون,أفريقيا جنوب الصحراء الكبرى,R6-أفريقيا,0.0
2022,GERMANY,R5-EUROPE,WESTERN EUROPE,ألمانيا,أوروبا الغربية,R5-أوروبا,-14.51
2022,GUYANA,R4-AMERICAS,LATIN AMERICA AND THE CARIBBEAN,غويان,أمريكا اللاتينية ومنطقة البحر الكاريبي,R4-أمريكا,0.0
2022,HUNGARY,R5-EUROPE,EASTERN EUROPE,هنغاريا,أوروبا الشرقية,R5-أوروبا,0.06
2022,"IRAN, ISLAMIC REPUBLIC OF",R3-ASIA,SOUTHERN ASIA,جمهورية ايران الاسلامية,جنوب آسيا,R3-آسيا,0.0
2022,ITALY,R5-EUROPE,SOUTHERN EUROPE,ايطاليا,أوروبا الجنوبية,R5-أوروبا,18.8
2022,JAPAN,R3-ASIA,EASTERN ASIA,اليابان,شرقي آسيا,R3-آسيا,310.85
2022,KAZAKHSTAN,R3-ASIA,CENTRAL ASIA,كازخستان,دول آسيا الوسطى,R3-آسيا,0.05
2022,KUWAIT,R1-GCC,COUNTRIES OF ARABIAN GULF,دولة الكويت,دول الخليج العربي,R1-دول مجلس التعاون الخليجي,4175.42
2022,LATVIA,R5-EUROPE,NORTHERN EUROPE,لاتيفيا,أوروبا الشمالية,R5-أوروبا,-1.37
2022,LUXEMBOURG,R5-EUROPE,WESTERN EUROPE,لوكسمبورغ,أوروبا الغربية,R5-أوروبا,26.55
2022,MALAYSIA,R3-ASIA,SOUTH-EASTERN ASIA,ماليزيا,جنوب شرقي آسيا,R3-آسيا,0.34
2022,MEXICO,R4-AMERICAS,LATIN AMERICA AND THE CARIBBEAN,المكسيك,أمريكا اللاتينية ومنطقة البحر الكاريبي,R4-أمريكا,0.01
2022,MOROCCO,R2-OTHER ARAB COUNTRIES,NORTH AFRICA,المغرب,أفريقيا الشمالية,R2-الدول العربية الأخرى,2.33
2022,NEPAL,R3-ASIA,SOUTHERN ASIA,نيبال,جنوب آسيا,R3-آسيا,0.0
2022,OMAN,R1-GCC,COUNTRIES OF ARABIAN GULF,عمان,دول الخليج العربي,R1-دول مجلس التعاون الخليجي,138.14
2022,POLAND,R5-EUROPE,EASTERN EUROPE,بولندا,أوروبا الشرقية,R5-أوروبا,0.0
2022,PORTUGAL,R5-EUROPE,SOUTHERN EUROPE,البرتغال,أوروبا الجنوبية,R5-أوروبا,0.04
2022,QATAR,R1-GCC,COUNTRIES OF ARABIAN GULF,دولة قطر,دول الخليج العربي,R1-دول مجلس التعاون الخليجي,346.37
2022,RUSSIAN FEDERATION,R5-EUROPE,EASTERN EUROPE,روسيا الاتحادية,أوروبا الشرقية,R5-أوروبا,-0.07
2022,SAINT KITTS AND NEVIS,R4-AMERICAS,LATIN AMERICA AND THE CARIBBEAN,سانت كيتس ونيفس,أمريكا اللاتينية ومنطقة البحر الكاريبي,R4-أمريكا,1.18
2022,SAUDI ARABIA,R1-GCC,COUNTRIES OF ARABIAN GULF,المملكة العربية السعودية,دول الخليج العربي,R1-دول مجلس التعاون الخليجي,3410.33
2022,SEYCHELLES,R6-AFRICA,SUB-SAHARAN AFRICA,سيشل,أفريقيا جنوب الصحراء الكبرى,R6-أفريقيا,0.13
2022,SOUTH AFRICA,R6-AFRICA,SUB-SAHARAN AFRICA,جمهورية افريقيا الجنوبية,أفريقيا جنوب الصحراء الكبرى,R6-أفريقيا,0.0
2022,SUDAN,R2-OTHER ARAB COUNTRIES,NORTH AFRICA,السودان,أفريقيا الشمالية,R2-الدول العربية الأخرى,0.73
2022,SWITZERLAND,R5-EUROPE,WESTERN EUROPE,سويسرا,أوروبا الغربية,R5-أوروبا,-10.93
2022,"TAIWAN, PROVINCE OF CHINA",R3-ASIA,EASTERN ASIA,مقاطعة تايوان الصينية,شرقي آسيا,R3-آسيا,3.39
2022,THAILAND,R3-ASIA,SOUTH-EASTERN ASIA,تايلاند,جنوب شرقي آسيا,R3-آسيا,0.46
2022,VIETNAM,R3-ASIA,SOUTH-EASTERN ASIA,فيتنام,جنوب شرقي آسيا,R3-آسيا,-0.01
